relative_path,class_code,source_split,sha256,dhash,width,height,mask_path,split
mvtec_ad/carpet/test/color/000.png,color,test,12dff41957a900a38a9def83edbea55006c9190109678fc29b0d96b546ecae28,e696968435342452,1024,1024,mvtec_ad/carpet/ground_truth/color/000_mask.png,val
mvtec_ad/carpet/test/color/001.png,color,test,541e2d09dbc332ed74981424fb04368f65f3c58473965785832c9416d4578452,a9194d69189849e8,1024,1024,mvtec_ad/carpet/ground_truth/color/001_mask.png,train
mvtec_ad/carpet/test/color/002.png,color,test,862872685fb8e8ac71b86270444cd3fdda2007596434ebfbe156d81ec782a2ae,9294363636a4a864,1024,1024,mvtec_ad/carpet/ground_truth/color/002_mask.png,test
mvtec_ad/carpet/test/color/003.png,color,test,1c2c9599bdc6546017cbce4ea4c283e6eddea78c06eb762c8692feb9d6248c0c,c8d2496991909ad8,1024,1024,mvtec_ad/carpet/ground_truth/color/003_mask.png,test
mvtec_ad/carpet/test/color/004.png,color,test,d06d4cea2d51a43d261318c1cf9f40e23bb8cf5f45e33a443c3fd7f0fc1c006e,d2d6cb9b19e149e1,1024,1024,mvtec_ad/carpet/ground_truth/color/004_mask.png,train
mvtec_ad/carpet/test/color/005.png,color,test,a9a8e682c857441003fac6a2b663c32145315ca2b4a9d0e8397ff1391eeda449,aca42d284c5474b8,1024,1024,mvtec_ad/carpet/ground_truth/color/005_mask.png,val
mvtec_ad/carpet/test/color/006.png,color,test,6e71596d151d088ab5ff887b95c28ff1de6262dfd19551ca594630326ca1c452,949456b8580c9598,1024,1024,mvtec_ad/carpet/ground_truth/color/006_mask.png,train
mvtec_ad/carpet/test/color/007.png,color,test,96eaaa608a2266541ddb549380eae7bc1f018395432e2c746faf7534990d7768,c44d6d6677676b6c,1024,1024,mvtec_ad/carpet/ground_truth/color/007_mask.png,train
mvtec_ad/carpet/test/color/008.png,color,test,1a53ca4222481e4fc54c3a3824384c13ff65ca88fb8fa183efde654634749dda,44541c8c4c656cac,1024,1024,mvtec_ad/carpet/ground_truth/color/008_mask.png,test
mvtec_ad/carpet/test/color/009.png,color,test,956d84f7ebcfc246a9130745c6c8fabac472025cb4802584ff24ee8c63f5b112,d24b35058d9c9888,1024,1024,mvtec_ad/carpet/ground_truth/color/009_mask.png,test
mvtec_ad/carpet/test/color/010.png,color,test,bef81a3ff6b150ebd6d0c33188856d913db45c5b1248a0d087c06c856660f0d3,38b1521354d2c286,1024,1024,mvtec_ad/carpet/ground_truth/color/010_mask.png,test
mvtec_ad/carpet/test/color/011.png,color,test,2c0d43222bb3dc5941493fe9a3424e3d4baad784a2c5d885c65b13732721c968,e82892c6848c88c8,1024,1024,mvtec_ad/carpet/ground_truth/color/011_mask.png,test
mvtec_ad/carpet/test/color/012.png,color,test,1ff531d39f9377c7e01f43742f8a87a322393d8f6d4f056d1ac150751972e0bc,ac8a42290c00c848,1024,1024,mvtec_ad/carpet/ground_truth/color/012_mask.png,val
mvtec_ad/carpet/test/color/013.png,color,test,4b6a2abcf1bd95e795a68a1b24e73b262cd34afc657f0d69b179598a4ffeb782,aa2285c1b1b33930,1024,1024,mvtec_ad/carpet/ground_truth/color/013_mask.png,val
mvtec_ad/carpet/test/color/014.png,color,test,9a338e0bba821ca85a02e58ecba08bc3d49cbbf36a464b429f831dfa70672f5a,e262a4543626c6d4,1024,1024,mvtec_ad/carpet/ground_truth/color/014_mask.png,test
mvtec_ad/carpet/test/color/015.png,color,test,92ed84cc0fef45fb6bb84da2c7cb2ce533db094f75f69f2beb9a54dd57cd6330,cccce48485a4ca8a,1024,1024,mvtec_ad/carpet/ground_truth/color/015_mask.png,train
mvtec_ad/carpet/test/color/016.png,color,test,fd73a13debbccfcb2c831b89b5300ea842d72df43fb5bfef2be00277d6cbf81f,928422524b086594,1024,1024,mvtec_ad/carpet/ground_truth/color/016_mask.png,train
mvtec_ad/carpet/test/color/017.png,color,test,86f4d079d2f8d07cc2c187b39d9b740afde39a83e72be909085603530f891ece,c846013893942438,1024,1024,mvtec_ad/carpet/ground_truth/color/017_mask.png,train
mvtec_ad/carpet/test/color/018.png,color,test,a6ac030ba4c83b5d728d35c2df865b96d75a728eea443ec0bded35ac0b0fd14c,b4c44446a4894404,1024,1024,mvtec_ad/carpet/ground_truth/color/018_mask.png,train
mvtec_ad/carpet/test/cut/000.png,cut,test,cfc42f69f8592f8b6dd17bf7a83fa71c18a7c65455a872a2c0d113f94c5b9ad0,4a9a4828686e2aa4,1024,1024,mvtec_ad/carpet/ground_truth/cut/000_mask.png,test
mvtec_ad/carpet/test/cut/001.png,cut,test,ff79bdb335d9380ae6ca0e298cad2f2935d157e0ad32a665c16c0cf51703f116,c82c5949539323f1,1024,1024,mvtec_ad/carpet/ground_truth/cut/001_mask.png,train
mvtec_ad/carpet/test/cut/002.png,cut,test,a10707d7c0af5dd0411643c58615252a7186aff5e41ab0f2078e85fac3963bd0,c0e1d2a484c6c6a2,1024,1024,mvtec_ad/carpet/ground_truth/cut/002_mask.png,test
mvtec_ad/carpet/test/cut/003.png,cut,test,0888f67412f4d7131380503f279dade7a2b4e570fcf096bf2c8b6e516ff11ad6,c2263010891128c8,1024,1024,mvtec_ad/carpet/ground_truth/cut/003_mask.png,val
mvtec_ad/carpet/test/cut/004.png,cut,test,29e8ac265e3aaaaa446512732a4771da247d7a4ceb75177cbd36b552f3dfb482,f0c24c0d882859c8,1024,1024,mvtec_ad/carpet/ground_truth/cut/004_mask.png,test
mvtec_ad/carpet/test/cut/005.png,cut,test,1ef0ba5bc5117dc62877636d9d694f04be77a9b9ecf8779f0c0368b492c94d4a,bac2426d24266562,1024,1024,mvtec_ad/carpet/ground_truth/cut/005_mask.png,train
mvtec_ad/carpet/test/cut/006.png,cut,test,85bab51880df051dfbd0a68f5bf4ecac3edc811188231b9aa8ebd6d76640d1ab,d2b429a967636af8,1024,1024,mvtec_ad/carpet/ground_truth/cut/006_mask.png,val
mvtec_ad/carpet/test/cut/007.png,cut,test,51106e90b51c49ab936be1e441fc5c92a7a018689c07e993ed8a4c88a7402844,b0b1d4534ab272c8,1024,1024,mvtec_ad/carpet/ground_truth/cut/007_mask.png,train
mvtec_ad/carpet/test/cut/008.png,cut,test,f8097a80c1a15dd32d3b5b3cd8f6e9de0ddef6d05423ce07263c1b9e7f8d5f56,84f051484c4c1834,1024,1024,mvtec_ad/carpet/ground_truth/cut/008_mask.png,test
mvtec_ad/carpet/test/cut/009.png,cut,test,1f79ad91033f77a73a7ffa7d4461b351cf62ebe2223ebe1b163c2be5d6202763,a2a88142e6263388,1024,1024,mvtec_ad/carpet/ground_truth/cut/009_mask.png,test
mvtec_ad/carpet/test/cut/010.png,cut,test,5894d1c512ed6d54fd48da2ca8e35189485172834b77dd7f01f6552f72f6fe2f,62443514076536b2,1024,1024,mvtec_ad/carpet/ground_truth/cut/010_mask.png,train
mvtec_ad/carpet/test/cut/011.png,cut,test,a829e220893cabc4553c5ffe5303501a15d1876dc9d1e149c8d2b732c4307108,e0b02c02c86c8e84,1024,1024,mvtec_ad/carpet/ground_truth/cut/011_mask.png,test
mvtec_ad/carpet/test/cut/012.png,cut,test,6e59ad4a9cbc0eb89d6519710407e42864ba69b151e388f3c1f938d0ba6511fd,d848d8783890b0b1,1024,1024,mvtec_ad/carpet/ground_truth/cut/012_mask.png,train
mvtec_ad/carpet/test/cut/013.png,cut,test,47b356f470a02b3e5638f7ac56565be7196f8c8842c3e688a92d54df6f21d8b4,5834392b262181a4,1024,1024,mvtec_ad/carpet/ground_truth/cut/013_mask.png,val
mvtec_ad/carpet/test/cut/014.png,cut,test,e765fecb67173c22fdb3bbc76c17cf8127c19fc16901925ee35cd1009bbb146d,c8d1d09ad0506898,1024,1024,mvtec_ad/carpet/ground_truth/cut/014_mask.png,test
mvtec_ad/carpet/test/cut/015.png,cut,test,3234609b729ab2347c5871ebf894e2eeea65f06359592dbf1968e1d382fb4bb5,8c6646098b89c982,1024,1024,mvtec_ad/carpet/ground_truth/cut/015_mask.png,train
mvtec_ad/carpet/test/cut/016.png,cut,test,a9e4b12f2370b98f43794207de5ed6e18b7d8fd4e7bf915f511b7c7e1d4e97ff,a43636420b1a5064,1024,1024,mvtec_ad/carpet/ground_truth/cut/016_mask.png,train
mvtec_ad/carpet/test/good/000.png,good,test,22c6a63be1eec01601689abb9e794b69ee0aefc1addd9233c63b7e02c70dc0b5,c8a8304642d10ca8,1024,1024,,train
mvtec_ad/carpet/test/good/001.png,good,test,132224b0761e2839a563ca1e339a9f64b1f1f71ca8f6229fa2c74e093888091e,b6a49aa3024225a0,1024,1024,,train
mvtec_ad/carpet/test/good/002.png,good,test,f2f554c14de40f84297d24c2bda95a842693b709830f679957e51e292312c91e,c88307694882dad0,1024,1024,,train
mvtec_ad/carpet/test/good/003.png,good,test,1386be8c4f20aae730f9d7e70253ad90b19e2e71ef65c16a588b1660d6bdf6f2,e2c21980c8834fea,1024,1024,,train
mvtec_ad/carpet/test/good/004.png,good,test,115a3d1b84e0206be269fc0b8d484ee0c79385daff199b6864bf64415d0e2964,e88549c4c45188a8,1024,1024,,val
mvtec_ad/carpet/test/good/005.png,good,test,1affd101ed59c87279548b4cfa97d5c926093e230b7e0c0168fb25eb1c0f4ba5,e468e4c4cc028280,1024,1024,,train
mvtec_ad/carpet/test/good/006.png,good,test,4aba9333d8c7c985e00562cc18dd5d7ae06fcd287017c5c39d08584f8d718905,cc9c1431adc884a0,1024,1024,,val
mvtec_ad/carpet/test/good/007.png,good,test,27b7c449f0a491fc502db0c4622d5eeb655bb136c079d945fb49b2e9e508e9ad,e02021ccc6484898,1024,1024,,train
mvtec_ad/carpet/test/good/008.png,good,test,c675b1c4440dfdf0b953e67cdcf42d4791d46973abe152b6b5fa2fb7bd1ca4ed,c442441342c64284,1024,1024,,train
mvtec_ad/carpet/test/good/009.png,good,test,9ea1e9884de2c5abc71e0bcd6048632dbbb8105b58cab89f4d6e04968583ff49,a061116511818190,1024,1024,,val
mvtec_ad/carpet/test/good/010.png,good,test,14f4b54bfe98e9e86b6e5f0979b021529254711f1d8d413347c7c3b447f7aa1b,d49694a188941248,1024,1024,,train
mvtec_ad/carpet/test/good/011.png,good,test,2dea27682886b3b68875fcfb086098534f7f51b72bb90aa566dee0103614c218,a8c594a5849421a8,1024,1024,,test
mvtec_ad/carpet/test/good/012.png,good,test,a137a64b3cc76f9e096e73ff99fbd6300d9a3eb542ee4a466633448e08564991,e41444c484a6e0a8,1024,1024,,train
mvtec_ad/carpet/test/good/013.png,good,test,866cc605aec6bf222907e9ae6dc0d05a69d7bea51ed76d5bd729bce6dba8edf6,968c40420502c646,1024,1024,,train
mvtec_ad/carpet/test/good/014.png,good,test,9f611bfc55d7b511b9b05393bc658da23037ac1a8ca597d9ef26913293b51e74,e6908a2b6363a220,1024,1024,,val
mvtec_ad/carpet/test/good/015.png,good,test,5416c331f15f82ff6b241f3ec667325784791ba11bde35296140c40bbad8c2b8,a8a9004802c0ccaa,1024,1024,,train
mvtec_ad/carpet/test/good/016.png,good,test,2ea65ab222f2c2fbbe381a4b354907a0d43d356368730cbf3766b21f885774e8,e82434b2b2a0b0a8,1024,1024,,train
mvtec_ad/carpet/test/good/017.png,good,test,b4ca6bdaae527e584f019dd6bc7369b9e4ad87198e5dcd0cc6dfd9478092e679,c82c64656c242088,1024,1024,,train
mvtec_ad/carpet/test/good/018.png,good,test,a599c36ab888bc98eae60e6a9b870ae1f686f335f15413eaf29e1a968fc4d83a,cc6c692c88348c8e,1024,1024,,test
mvtec_ad/carpet/test/good/019.png,good,test,576151dc717c3c3c10527eeb8e4d8070d4fddb6113c5e8b0abd5178a9020940f,8c945154440b8290,1024,1024,,test
mvtec_ad/carpet/test/good/020.png,good,test,548ab03eff58bc2f298b8e598d180e9af2c254e92f50a36628e2c130dc156170,6849241426263494,1024,1024,,train
mvtec_ad/carpet/test/good/021.png,good,test,5db1d42adf0266a33c5060dba434925731c5231122dd8ad029d448d566544a93,c88c1a5a21038288,1024,1024,,val
mvtec_ad/carpet/test/good/022.png,good,test,6caf5bff52a1637401ea30241e964e1292cb8b043ab61e250f8c2ea6db4f12fb,c48aa626c452b228,1024,1024,,val
mvtec_ad/carpet/test/good/023.png,good,test,9d3a5c5e481a46db4aa7e8251270dbf25a5d54e0bac8f2eed6fb4d35209718fa,928648686090808a,1024,1024,,val
mvtec_ad/carpet/test/good/024.png,good,test,a2122368c9584a7050be119f5b926675da2d1d8ba674feb0ef68198fb4a6dd45,c80888224a43052c,1024,1024,,val
mvtec_ad/carpet/test/good/025.png,good,test,3a4de627ab2e61a89cbcb5a3592f3b207b1186cab18ce17a8d11e6b5cbfeb780,9036b62242061458,1024,1024,,train
mvtec_ad/carpet/test/good/026.png,good,test,a4c7fddadd8d13301142dac6e39c54fb9a95f7ca504ef0deebf6a4ff35ddeb06,cc92006034248486,1024,1024,,train
mvtec_ad/carpet/test/good/027.png,good,test,354a76abc30cf25529c53c52a88b19383777569c305b539428a6e3e135fba7e2,a8b1c343431519c9,1024,1024,,train
mvtec_ad/carpet/test/hole/000.png,hole,test,d2740db7d12ef923a5db4ef4c5a49a4bdb7b7d4af9f4024680988bf1cc88a6da,c4a962e6422525a4,1024,1024,mvtec_ad/carpet/ground_truth/hole/000_mask.png,train
mvtec_ad/carpet/test/hole/001.png,hole,test,eeb8258f8c609285cd42e1d8570c51c6e64d9efe6e3baca0de60b05fe3075624,ba2caab6aa2eaca4,1024,1024,mvtec_ad/carpet/ground_truth/hole/001_mask.png,test
mvtec_ad/carpet/test/hole/002.png,hole,test,e1f0ca810329731c0b0c4173b7c9e9e5f82f03dc259d3a5f1a9488daafcf53f3,841696454c664244,1024,1024,mvtec_ad/carpet/ground_truth/hole/002_mask.png,train
mvtec_ad/carpet/test/hole/003.png,hole,test,7cec2b4b8e198a98891e590c31c11e3ef90c98d37f6c57dfed2023bc01ef5a83,8c934f4c0f1d9bc6,1024,1024,mvtec_ad/carpet/ground_truth/hole/003_mask.png,val
mvtec_ad/carpet/test/hole/004.png,hole,test,4f68c05b1dd17d3a8c793c08e1095d6970b8f8f48f46af1b3b6b9885b48d3bbf,a69b314bc191c9ba,1024,1024,mvtec_ad/carpet/ground_truth/hole/004_mask.png,test
mvtec_ad/carpet/test/hole/005.png,hole,test,3d43c326e11cea563c7c77e51cec796541de6a216ae77402f1203288a4121381,ec6c3874582ca8d0,1024,1024,mvtec_ad/carpet/ground_truth/hole/005_mask.png,test
mvtec_ad/carpet/test/hole/006.png,hole,test,25a409769ceb99e93581d14c7f9e734a9ede127fb461aecfbcae76b2efb63b6f,ac894c4c159673c6,1024,1024,mvtec_ad/carpet/ground_truth/hole/006_mask.png,val
mvtec_ad/carpet/test/hole/007.png,hole,test,2890a75e9457516d88f820c8931c13ccd36b10890352f8eaf8858b0898e2976a,e49491e3e24606d4,1024,1024,mvtec_ad/carpet/ground_truth/hole/007_mask.png,test
mvtec_ad/carpet/test/hole/008.png,hole,test,8232757646621f65f579215365d6ba5bf106d1ded3ef809509266d94f97c7693,88985199cb684908,1024,1024,mvtec_ad/carpet/ground_truth/hole/008_mask.png,train
mvtec_ad/carpet/test/hole/009.png,hole,test,685fbfceed87515909665a0f07c94e8920decc1a10c93b9116e1a0862b0d7b20,a5b1151425a51090,1024,1024,mvtec_ad/carpet/ground_truth/hole/009_mask.png,train
mvtec_ad/carpet/test/hole/010.png,hole,test,3824d634cfd0446ae899c138bc1088457ab884ecf2f1a1e9bae3d106e1db767f,9633a48820280888,1024,1024,mvtec_ad/carpet/ground_truth/hole/010_mask.png,train
mvtec_ad/carpet/test/hole/011.png,hole,test,58c01340a70bf3e70d5f8b4e4635d49aa87ad6a78fbbfd4d7a57cc95af6a5e95,a42c949228923292,1024,1024,mvtec_ad/carpet/ground_truth/hole/011_mask.png,test
mvtec_ad/carpet/test/hole/012.png,hole,test,939d44a6f3f8cefde9ae4ff7c271939d752a62cadab3e92aacc29d1fcf75bbb5,9058180040c1e3b1,1024,1024,mvtec_ad/carpet/ground_truth/hole/012_mask.png,val
mvtec_ad/carpet/test/hole/013.png,hole,test,0c5054413fa753bd6fba4cc25db17785cc1a62221c1d05b5cc30ae72c1d7a7f6,ec5292b23214564c,1024,1024,mvtec_ad/carpet/ground_truth/hole/013_mask.png,test
mvtec_ad/carpet/test/hole/014.png,hole,test,cb1830afcb7235d4fd511414c8025bbd8892f8657e816186b901f70eef4a14d9,98383431516246cc,1024,1024,mvtec_ad/carpet/ground_truth/hole/014_mask.png,train
mvtec_ad/carpet/test/hole/015.png,hole,test,d6f4e3d383dda18c66ac9dee99083a546f663793ebfbec5f12b19465c48f8f19,b2ba2d254f130d2c,1024,1024,mvtec_ad/carpet/ground_truth/hole/015_mask.png,test
mvtec_ad/carpet/test/hole/016.png,hole,test,8536c9965523e511bde7cfdd48d78208453fddb7a0830770501223908005db90,d6ac8c048a88c8da,1024,1024,mvtec_ad/carpet/ground_truth/hole/016_mask.png,train
mvtec_ad/carpet/test/metal_contamination/000.png,metal_contamination,test,163002f1ec836e20ed14ac98c5a9e5b19b6f1df1d214cb986005f48500b83d5c,bc1c303098189090,1024,1024,mvtec_ad/carpet/ground_truth/metal_contamination/000_mask.png,train
mvtec_ad/carpet/test/metal_contamination/001.png,metal_contamination,test,45ba93dc86d0f769cdf12e40e512bf0f40fcdafaca967efd33819027d9669f67,cc5ccc480969a8a8,1024,1024,mvtec_ad/carpet/ground_truth/metal_contamination/001_mask.png,val
mvtec_ad/carpet/test/metal_contamination/002.png,metal_contamination,test,fe0ade5cbb6b61cf36e75b3fed0cb14b303ddfec606779650ff750200066e9f8,8626564e669612c8,1024,1024,mvtec_ad/carpet/ground_truth/metal_contamination/002_mask.png,train
mvtec_ad/carpet/test/metal_contamination/003.png,metal_contamination,test,31f7722fd246b5dc2e83f21b2b308ec0163c7a4aa003f1711635ce0f0fe111d3,b8a73329a9949120,1024,1024,mvtec_ad/carpet/ground_truth/metal_contamination/003_mask.png,test
mvtec_ad/carpet/test/metal_contamination/004.png,metal_contamination,test,b1848c0557a18c6f34291fe8eb3af123feb405472783ee27adacf47172d5b7d0,929881998b0a8d8c,1024,1024,mvtec_ad/carpet/ground_truth/metal_contamination/004_mask.png,train
mvtec_ad/carpet/test/metal_contamination/005.png,metal_contamination,test,f35b0d76d397691c11c23978069b29c3c9953ebe7c2160408806dc864dce1f5b,fc742219684c4410,1024,1024,mvtec_ad/carpet/ground_truth/metal_contamination/005_mask.png,test
mvtec_ad/carpet/test/metal_contamination/006.png,metal_contamination,test,96478d571eb34ea3bdfd3db76924fee85d56dfb71a9872cb190980d2f4662dd5,d0e818124a654766,1024,1024,mvtec_ad/carpet/ground_truth/metal_contamination/006_mask.png,test
mvtec_ad/carpet/test/metal_contamination/007.png,metal_contamination,test,8950c3c35e7589911883fb4816f7c0cb1dca2cb60f0e7545c00fc19ef9a318b6,966361625202c6c8,1024,1024,mvtec_ad/carpet/ground_truth/metal_contamination/007_mask.png,train
mvtec_ad/carpet/test/metal_contamination/008.png,metal_contamination,test,60a3cabf83028b86606da523034633db95d3c5661dbaeda1757fda0f425963ab,c28ba633526634cc,1024,1024,mvtec_ad/carpet/ground_truth/metal_contamination/008_mask.png,train
mvtec_ad/carpet/test/metal_contamination/009.png,metal_contamination,test,f2bbab4848b1f90839ef50cc1f93fbf6a6aa5a226eda484665a96fae1edd4536,da89342c66d93504,1024,1024,mvtec_ad/carpet/ground_truth/metal_contamination/009_mask.png,test
mvtec_ad/carpet/test/metal_contamination/010.png,metal_contamination,test,75049549d6a1f2b97a67f0683dcd7dd32a1ce2e871ce62082b756ed8143314cf,ceb09a28069a96c0,1024,1024,mvtec_ad/carpet/ground_truth/metal_contamination/010_mask.png,val
mvtec_ad/carpet/test/metal_contamination/011.png,metal_contamination,test,2bf2d6ddf6b1772607ed68282da98130bf6550308886f01a604eeb2c81afe3f4,a8a0981025b322a4,1024,1024,mvtec_ad/carpet/ground_truth/metal_contamination/011_mask.png,test
mvtec_ad/carpet/test/metal_contamination/012.png,metal_contamination,test,0b02bfe62e835c7144fa560ece28ab98406844d9a9ecabbe221226ea064d6860,e0a8384a67456760,1024,1024,mvtec_ad/carpet/ground_truth/metal_contamination/012_mask.png,test
mvtec_ad/carpet/test/metal_contamination/013.png,metal_contamination,test,847604f5f74e24f46a950a6d7a455a73e2aed5714a8bda4f12ba60f249ed1b40,e49882ebcc6418cc,1024,1024,mvtec_ad/carpet/ground_truth/metal_contamination/013_mask.png,test
mvtec_ad/carpet/test/metal_contamination/014.png,metal_contamination,test,fc82b04090e1228db88bd91415c3e00086e1cfcaeb6ebe43848780135500f781,c4d0604944468cc4,1024,1024,mvtec_ad/carpet/ground_truth/metal_contamination/014_mask.png,val
mvtec_ad/carpet/test/metal_contamination/015.png,metal_contamination,test,32f0b312bcfa09a9b5c3e095631bc447359863f91e2b6446de85c23d7f89361c,98c9219a2aacacc2,1024,1024,mvtec_ad/carpet/ground_truth/metal_contamination/015_mask.png,train
mvtec_ad/carpet/test/metal_contamination/016.png,metal_contamination,test,794c8e66720909cada16455d2e8929a68db45f9d102f183fe30857ebfcd128f7,84514c8799482a9a,1024,1024,mvtec_ad/carpet/ground_truth/metal_contamination/016_mask.png,train
mvtec_ad/carpet/test/thread/000.png,thread,test,c99519607bd5ff30cbe4536e8335b5fb2f383ef6ce5a74c06e5f789dc9db8ff1,ccac4973b3a333c6,1024,1024,mvtec_ad/carpet/ground_truth/thread/000_mask.png,test
mvtec_ad/carpet/test/thread/001.png,thread,test,e6c42919c3130503f13383cc1f31f0505c624a1cb458e68a5fc269722b71c4ad,a4a529a12deaa2a2,1024,1024,mvtec_ad/carpet/ground_truth/thread/001_mask.png,val
mvtec_ad/carpet/test/thread/002.png,thread,test,9169cc1916bb5e6b9ae86d43eaced82c9b13bda1b20d88b964d6ea27a575df4b,98d0d56536336020,1024,1024,mvtec_ad/carpet/ground_truth/thread/002_mask.png,test
mvtec_ad/carpet/test/thread/003.png,thread,test,f9ff162f3f2a7965748fe1a43d0c651c71f95f78b1742237038ae0f1f19742c6,a4656aaa28b1c4c4,1024,1024,mvtec_ad/carpet/ground_truth/thread/003_mask.png,test
mvtec_ad/carpet/test/thread/004.png,thread,test,d4924fa625a2c81533b127c65fe22e79ead991206edcdc983bebaac459ea6dca,84153062325062d4,1024,1024,mvtec_ad/carpet/ground_truth/thread/004_mask.png,val
mvtec_ad/carpet/test/thread/005.png,thread,test,a0d132d49b6668495106a8ca81535a8d5732f5e2eb6ad267b79f7743119ac496,e45c7581918644a4,1024,1024,mvtec_ad/carpet/ground_truth/thread/005_mask.png,val
mvtec_ad/carpet/test/thread/006.png,thread,test,36d621f702fbd94e9be27d3883990e5979e1dbfabe9635e9e1e9c97d8d5947ab,c28f26aa400223a4,1024,1024,mvtec_ad/carpet/ground_truth/thread/006_mask.png,test
mvtec_ad/carpet/test/thread/007.png,thread,test,814c0663d1d163c7ee9b4fbf6c0361a880bb1163781d5f2fd6f411d33229fd5f,d4c0d5624e8d0b32,1024,1024,mvtec_ad/carpet/ground_truth/thread/007_mask.png,train
mvtec_ad/carpet/test/thread/008.png,thread,test,8d69258fb2396ec2b81d29131c19667812f749223d8db5afd1bdac1a2573fc4e,8a84993222585448,1024,1024,mvtec_ad/carpet/ground_truth/thread/008_mask.png,test
mvtec_ad/carpet/test/thread/009.png,thread,test,3ae2c8aa2dba56136fc3b73c06d3a1ec971fe4caa594fdb9becdc5a499eb2a9d,d0229b95a5c366e4,1024,1024,mvtec_ad/carpet/ground_truth/thread/009_mask.png,val
mvtec_ad/carpet/test/thread/010.png,thread,test,9c3d5c53d540efc1a9b9204728843f8f4723c50f28d3ea52dc1f509fffa2432f,e8303842c60e1aa8,1024,1024,mvtec_ad/carpet/ground_truth/thread/010_mask.png,train
mvtec_ad/carpet/test/thread/011.png,thread,test,c2a7fda9ab47b71ec7074a0c17180f9d68447dbf093bca44932bd553d8d4886b,a0d3a8cea4aca2ac,1024,1024,mvtec_ad/carpet/ground_truth/thread/011_mask.png,train
mvtec_ad/carpet/test/thread/012.png,thread,test,5a2db07e4e794e6bf59440e8a4950092b0ea58d21465dc85807efa59db27c7c5,7061e5c569585058,1024,1024,mvtec_ad/carpet/ground_truth/thread/012_mask.png,train
mvtec_ad/carpet/test/thread/013.png,thread,test,ce1ba038bfe7132308a006a1651f2eb9245a49cdebd9bb43495dbbf701a35eb6,a1a5a6d9cd168380,1024,1024,mvtec_ad/carpet/ground_truth/thread/013_mask.png,test
mvtec_ad/carpet/test/thread/014.png,thread,test,284e964459db0f6591c630ed29bf8c780a79d450219adac8887aec33a7670bf6,c8c8885148089890,1024,1024,mvtec_ad/carpet/ground_truth/thread/014_mask.png,train
mvtec_ad/carpet/test/thread/015.png,thread,test,470f7260a5fcce2fa1b23c9c8c5d5d56f248587ebdfeb915c2316c704d7e3666,2426342622282c3c,1024,1024,mvtec_ad/carpet/ground_truth/thread/015_mask.png,train
mvtec_ad/carpet/test/thread/016.png,thread,test,e87886887905a5ff23100565844ab661ff049b9587424f01f99787727f330891,d815620202115151,1024,1024,mvtec_ad/carpet/ground_truth/thread/016_mask.png,test
mvtec_ad/carpet/test/thread/017.png,thread,test,c858babe863ce5051ab51fb740b8f7d164027eb9ccd66d7d564f9993d08167b6,c04989a49892a6d8,1024,1024,mvtec_ad/carpet/ground_truth/thread/017_mask.png,train
mvtec_ad/carpet/test/thread/018.png,thread,test,c69128dde252e909ed7fa27acb4f51c82d8a3186c3f3f53a1c59170a85e3f442,c464c01a634a1b40,1024,1024,mvtec_ad/carpet/ground_truth/thread/018_mask.png,train
mvtec_ad/carpet/train/good/000.png,good,train,9fd2420a125701bb31dc8025cbf62cc7152dc04505fe5f151b782493e303f39e,92d0f15cd9d494c4,1024,1024,,val
mvtec_ad/carpet/train/good/001.png,good,train,beff2c083b8b9213ea6560296dc9295592e9e209f31316df06ea829f082ea51a,da0c1c94abbd8ee8,1024,1024,,train
mvtec_ad/carpet/train/good/002.png,good,train,716386180b348b1f0397cbc18fd4435aa0a17287c0b22e6d1ea895e867829743,944474354de4a4a4,1024,1024,,train
mvtec_ad/carpet/train/good/003.png,good,train,eea9fefe64679fa744362a95ba8873ecb8ff70cf40cf795080d2e6631811f918,e4464da9e8ac8ca4,1024,1024,,test
mvtec_ad/carpet/train/good/004.png,good,train,63a3b9eda6c5aa7fcda75d0298089d98357d23071ef8dd51a05a3bde58474b46,a6a27226cc8dab82,1024,1024,,train
mvtec_ad/carpet/train/good/005.png,good,train,1007848bf17b90f34c6d4b0212ad5244eee37c20b13e69254d061468e8489766,acac44cd2dc94de4,1024,1024,,val
mvtec_ad/carpet/train/good/006.png,good,train,57c414a078cf2520cd548fb0aa8c8be08d574f8f43c673796a3e08e92e16ff95,b8ea586595cbc7c4,1024,1024,,val
mvtec_ad/carpet/train/good/007.png,good,train,8b4a30605880bdce60e7725e7665dd4a2a83e2bfe9238f9bdbae2998aabc3a2d,e26246e8e8d22e8e,1024,1024,,train
mvtec_ad/carpet/train/good/008.png,good,train,f8bb03175ad9a71851601d99ea05b4b773e5ec8159efea7d3a315e16cdd44f67,d245c450c85228a0,1024,1024,,train
mvtec_ad/carpet/train/good/009.png,good,train,606989c99e13c6efcf650ec2e8aa5aa0f492f59c04e7086b2cb61182d4003e9a,d8c98a938984d4b2,1024,1024,,test
mvtec_ad/carpet/train/good/010.png,good,train,c9856854833d85470e17dd30d96919a9140ed5904d9404e50cc58f6c09d4f942,e240864954533aea,1024,1024,,train
mvtec_ad/carpet/train/good/011.png,good,train,01f6b96a0697df5100b75a93f84e84bb051134ac8932bb1e49df35e0d386808a,e8421312246828a4,1024,1024,,test
mvtec_ad/carpet/train/good/012.png,good,train,acd4c9828e485067ad2d3e9ac23c7917a9ce4969717cf76bcdfcb962beeb86dc,b4145535a44c16f6,1024,1024,,val
mvtec_ad/carpet/train/good/013.png,good,train,28988eb2d6a65434acc79c5c32977f0ca35731d61d1445141b47f53fa731bfe6,584ada9c9a1acaee,1024,1024,,train
mvtec_ad/carpet/train/good/014.png,good,train,5a282731a7250b3d20c45cf8346d928b9b46d9248c4fb794fd7dd918a0fb24fb,ccac89a989cfca9a,1024,1024,,test
mvtec_ad/carpet/train/good/015.png,good,train,07238397645af0b2072bff3476debb46b3cb9a3504b515c6018fc389fa727186,e4d47441ce65454a,1024,1024,,train
mvtec_ad/carpet/train/good/016.png,good,train,9de57d9cb40aeba7007d7884c66d8135737d8129a04c44340a9f1d3228092fde,84151d25654f49a9,1024,1024,,test
mvtec_ad/carpet/train/good/017.png,good,train,05b6a02b6147c1655e7aa6f56f1f434d37a338ed9abdb8027c5fbb4aba780031,c8889852d2d3d2d2,1024,1024,,val
mvtec_ad/carpet/train/good/018.png,good,train,feb358329e99472d2b51c9caffbdf6efd470249bf5f66fb374a116a2c1292799,d1f384458515c99c,1024,1024,,test
mvtec_ad/carpet/train/good/019.png,good,train,7457ae1f21367f853d46d379677dbeffca9e7133665133b364aa4aded79b8856,96d84ccc0e54c292,1024,1024,,train
mvtec_ad/carpet/train/good/020.png,good,train,5781046fd3d09c1fee7b74632d276bcdfdd2bd693443b3db2659b27353464a27,90695184ed4ac8ac,1024,1024,,train
mvtec_ad/carpet/train/good/021.png,good,train,b3728949d05fde3385128d3ecffb548681450d379eae98b75f1c62e6a4ba8bd9,e0a29894525a2012,1024,1024,,test
mvtec_ad/carpet/train/good/022.png,good,train,607b5650677c45a0057c1ea135768501edcd789f22a5674037cb6493c6bb851d,aaaa9496ba5613a9,1024,1024,,test
mvtec_ad/carpet/train/good/023.png,good,train,b50b4f2357daee11d89b44cbd24e9498c419d41183c421d3eb115fc6ae409f41,d8b08899315c8c2a,1024,1024,,train
mvtec_ad/carpet/train/good/024.png,good,train,b421b6c3c70c61a52063a9c11d0770d3af683169d01a2afce1a61c439eb5dbcc,bc98d88ca0a9a8b8,1024,1024,,train
mvtec_ad/carpet/train/good/025.png,good,train,e064a0d5f2893989bc3ddff4bb59b4ab6c336de23965a5f2d7201f71a8d41f17,48286b2b6b494868,1024,1024,,val
mvtec_ad/carpet/train/good/026.png,good,train,30ec8d82297dfc9cfa56f02a443d3b3156d175047da32344d8571335cfd8d1a3,92515149c94a22e0,1024,1024,,train
mvtec_ad/carpet/train/good/027.png,good,train,3b2dadb2b7078f53542d720fdfd46a8752664ca96e9c65e28cb16384df06266f,84b62864a46cc6d2,1024,1024,,train
mvtec_ad/carpet/train/good/028.png,good,train,7bc973fd6488ab32d2cbebca0db1ec57cb59299fc04b4ea643d7117fb3d007ef,828682b8988c88ca,1024,1024,,train
mvtec_ad/carpet/train/good/029.png,good,train,41d2e86e59f79b1efb379ab24ae12033d20a9e37fc77fa746f245efa8629c220,cc6265cc9c140c54,1024,1024,,test
mvtec_ad/carpet/train/good/030.png,good,train,5b96ce8d388924b090fb4017cdc04c9e13a3eb23779d3b4c9bbffcac19cf4f97,b29222a0b1b436a2,1024,1024,,train
mvtec_ad/carpet/train/good/031.png,good,train,5690f9fd2e6790c82259fa78c287251d3971a71b8522d82ba0a803b1ada4853b,a2a4acac24202488,1024,1024,,train
mvtec_ad/carpet/train/good/032.png,good,train,23e9a01e3141e4e8038f545f9b3a8bd96129f3aecfa0ffc19493ec34b0a61344,b6e2ebb33252828a,1024,1024,,train
mvtec_ad/carpet/train/good/033.png,good,train,b696f52430caf941d8004ff2f0c7cc3412a80557d6f5ca3785128d1c05ab1daf,a0222622636bd252,1024,1024,,train
mvtec_ad/carpet/train/good/034.png,good,train,a129ebd71ec50199517d7d837a905df19eed4d7eaf7860506b6cfed073f34d2b,ac959911b434778c,1024,1024,,train
mvtec_ad/carpet/train/good/035.png,good,train,804d6e67c896e5195a21b4b7e827cb94abeb157257a9ede332496e56cab00d6c,d85ad946422eb2b2,1024,1024,,test
mvtec_ad/carpet/train/good/036.png,good,train,64235c5772f9fd8cc4f7a476232155897545cdec0db3edbfeae8f64375ef4b35,b6c6c8b86236b3e2,1024,1024,,val
mvtec_ad/carpet/train/good/037.png,good,train,bec2fe2ffe8042dc6d4199fb54527b502f1d3b0a48dd6221165396705b5641ad,e4c90919dbf0f1a9,1024,1024,,train
mvtec_ad/carpet/train/good/038.png,good,train,a156e35953a3d9a23bfabe7d113015bbc5bf2d72c66e278aa9d664d38a2d13f4,ec2dadb8c4da93d8,1024,1024,,test
mvtec_ad/carpet/train/good/039.png,good,train,8aa0c026dcbfcac13d06bcb471102c637d508bb500fb3976c4254b12ed3a9041,4c5cc8e1ece84eec,1024,1024,,train
mvtec_ad/carpet/train/good/040.png,good,train,9e35f34233a30f41ea231e487e0d63bb23244014b83a27c56941a743ee468793,c6aa92e3e292b1a6,1024,1024,,val
mvtec_ad/carpet/train/good/041.png,good,train,695904bdc54e253844a66fd0dbd0ccaebf2c283881128b817c35702f16d08fee,b2e3633919c58988,1024,1024,,train
mvtec_ad/carpet/train/good/042.png,good,train,996eb457a5e8a7d245f8e74d6d7681e5f22ba26c5587e8484ee84005bbfc5976,e0db1d15559462cc,1024,1024,,train
mvtec_ad/carpet/train/good/043.png,good,train,bcc997a698ec80b26e845ed6dcf783d63970dd6741a2f4cb9c1a17e0e774d635,cc6259594d1529c8,1024,1024,,train
mvtec_ad/carpet/train/good/044.png,good,train,36dd2b08970d9c91a146a74453447315e601e9cca88e5c140bcc600884bffddf,f44552139256992c,1024,1024,,train
mvtec_ad/carpet/train/good/045.png,good,train,30596752a28d066451fc97e9a601b5b0adcd6c4445ad585e3a1be3f7d6f85309,a66648c8e16c686c,1024,1024,,val
mvtec_ad/carpet/train/good/046.png,good,train,04d2f756efdbf507c9bf54a1adb731087f8c4aebc0f3694300bd503085143955,e8c5c729e58468e0,1024,1024,,train
mvtec_ad/carpet/train/good/047.png,good,train,a8e578e586dacc41f2e2ab852fa9907a2a7b6896f29e2d4301f3e78d95724848,7a2b2a88464a89ab,1024,1024,,train
mvtec_ad/carpet/train/good/048.png,good,train,c9b4ce7d337aa2ce252579dea23278c8e48c227412c5465d68b53d617ac51f8b,d698c892588ccea6,1024,1024,,train
mvtec_ad/carpet/train/good/049.png,good,train,31a0ebf879d6e6022e2aab73d8424147809b6110bc3fe83925106fa270de841c,b0b1a3a2a4a485dc,1024,1024,,val
mvtec_ad/carpet/train/good/050.png,good,train,9636d3fa39388a899af02cbbaa5cbfdcaa203c9f1631f86bd227eb77e25544cd,aa2d2327222a2028,1024,1024,,test
mvtec_ad/carpet/train/good/051.png,good,train,f0c6ca5ca5ef9f3d9dc96fdcf0ab1106d6a6c83388a6d54c7b5982bf3ca36f1d,92a79898094958b4,1024,1024,,test
mvtec_ad/carpet/train/good/052.png,good,train,a5c024af8d016ba7574abba1035fa59309bf3419a675f9556c06bd765e324bf4,d4c72d129694a2d2,1024,1024,,train
mvtec_ad/carpet/train/good/053.png,good,train,6ed850f5b07566bda5632ed34c69d66c248da43ec087eb885a0aee73b3fbcb85,aa2a5be26a4aded6,1024,1024,,train
mvtec_ad/carpet/train/good/054.png,good,train,a6843194719f7e9c414d50c4e69b23e457f3e1250f96a391bdfe4b2023c50a6b,600125b1899308d8,1024,1024,,val
mvtec_ad/carpet/train/good/055.png,good,train,538e816cb0a423b9c2eca0ace533e909c77bed6e0d57567d44504a802dc34031,d28caca08acacb6a,1024,1024,,test
mvtec_ad/carpet/train/good/056.png,good,train,fe0974c4c0e9fa162f85539a5c5de7d8cacdb74a71ad16010537e11007f31d28,ea92323252122494,1024,1024,,train
mvtec_ad/carpet/train/good/057.png,good,train,87e1b924baf6381c87e24d0336e15714618c1ceb641afeb66ef22143ca76f5ee,a8381b1683c2c2c8,1024,1024,,train
mvtec_ad/carpet/train/good/058.png,good,train,182bd84c19b72927346e5b61a0bfdd7826fef5d207bf7d79a3d195b18914b15b,a6a3a96b4a476762,1024,1024,,val
mvtec_ad/carpet/train/good/059.png,good,train,cca8bf0ef5173b3068284b3578653a921306591cddd4756e657d59dfba103de2,c4c8e354ec16d2b4,1024,1024,,val
mvtec_ad/carpet/train/good/060.png,good,train,f842a150c7bcf3702c48155883cc9705b810e782180d9a0c2fb2ef2ed463c437,d26123a32824989c,1024,1024,,test
mvtec_ad/carpet/train/good/061.png,good,train,85fabd8d55f20ec137d6dee465576b8194704010768128435380cadb8c763c49,a4a92223312425a4,1024,1024,,train
mvtec_ad/carpet/train/good/062.png,good,train,d87b4cb335668ed98bc0af75643638d5aad9e56b88d54a749f0422c2c3871c93,906484684a494c96,1024,1024,,train
mvtec_ad/carpet/train/good/063.png,good,train,662e521bb5b75cd05120a0e946375af1d3476a79843cf2cdee2ca816bffa23e0,c68e297323c4d5a1,1024,1024,,test
mvtec_ad/carpet/train/good/064.png,good,train,106baa24b5ff12b919e972cbfccf1d5bec46a23fe4318dfc89bc3fe9674f6b6d,c2b3a06843a225a4,1024,1024,,train
mvtec_ad/carpet/train/good/065.png,good,train,b195e9ad89a2ee1df8328a03b29707bf969d71c3e7044b4fb32b4039bb25f55b,ccede5e499daa6ca,1024,1024,,test
mvtec_ad/carpet/train/good/066.png,good,train,34d6797ac06ee2332d64b8ad7552ab5ba4e868a0b29179816ceea2d6f4f47d5a,e495cd54949e9ad2,1024,1024,,train
mvtec_ad/carpet/train/good/067.png,good,train,a775cd5b68a2ec80eae9677fe93d92405e1b0b9cd730aca7736f97f70003150f,e0b2605a4a426268,1024,1024,,train
mvtec_ad/carpet/train/good/068.png,good,train,85bd2c8481eb6eec32ca1b2451ad24826e5f14fce5e0c572aeeb2fa03ebe9535,68484446632035cc,1024,1024,,train
mvtec_ad/carpet/train/good/069.png,good,train,534f1ceb0f1325e239db783dbb8e8cf57ca5163fe257e4cd75b828994cedf7cf,a4253d989091d4d4,1024,1024,,train
mvtec_ad/carpet/train/good/070.png,good,train,75a78f4ed5b24b0c6509afe4f90fdb1bcbfcecb39438a17cf4af935af09b3cc4,c44cccc8cc8c9998,1024,1024,,train
mvtec_ad/carpet/train/good/071.png,good,train,c48f8bfc7d3c9d6dbf66f9ac65e60192534022d0d7d191060eaecc961573fe7a,99992142402c656a,1024,1024,,test
mvtec_ad/carpet/train/good/072.png,good,train,b60cd8431fd680a2d7a50a661a47c2758eb42b58f29f4841757dee12bf62dcfe,94146585c7c6b626,1024,1024,,train
mvtec_ad/carpet/train/good/073.png,good,train,abd857fdca93d10d841c234ece01a2ed81c487c65e819de216a787674bba1b66,e288d064264666ca,1024,1024,,train
mvtec_ad/carpet/train/good/074.png,good,train,9449940739741ad86a307c9791b8f7c737b0601e3eda8f6fef6fde7f49504a88,a8a066e42e2c2598,1024,1024,,val
mvtec_ad/carpet/train/good/075.png,good,train,60365626b57e1f0c61114de21491bb1f6336d552ea4ce7b6a001013534b6c551,a484116588dab2aa,1024,1024,,train
mvtec_ad/carpet/train/good/076.png,good,train,eebfbab836f8c83471deb6d39b53f2cd9838573179575ae196d6ad7051f21403,ac82828b2d22b098,1024,1024,,train
mvtec_ad/carpet/train/good/077.png,good,train,bd11b72e9da5ea73722349866bf5ee1b59a0cf05512e397be86fb517b8e5eae6,a0ad21414bab2280,1024,1024,,val
mvtec_ad/carpet/train/good/078.png,good,train,a7565666c16d085d71ab5cd3dda61c4b9be709c310a70ae685521d0fce94723a,cc88820f292ac9c4,1024,1024,,val
mvtec_ad/carpet/train/good/079.png,good,train,8576b1041d14a8d67e08a482909cf068e0343a1ba2daa194df51c422cd2dc22b,d8c9686aa2c2c0c0,1024,1024,,test
mvtec_ad/carpet/train/good/080.png,good,train,f26d90791537181c869fe3ae12de756bdcc6cc4c8a68a1865b08c4eae4708389,b2b6727040454994,1024,1024,,test
mvtec_ad/carpet/train/good/081.png,good,train,16c90bb15fcaa6d35b230a494efa559050ec7e9fd0c8248d917909d226f7fdf3,a80306104a53ca90,1024,1024,,train
mvtec_ad/carpet/train/good/082.png,good,train,ff68127939ca6ce5dce7ea29c8897bd86a5bd2cd80675b0a55a885d52d2aca6c,acac8c96b4b4a2e4,1024,1024,,train
mvtec_ad/carpet/train/good/083.png,good,train,ee89e464aeb193b54c06889e82729a07184b04d9ad8971b30e6039321aefbcd7,c28ac2c6c44221c9,1024,1024,,train
mvtec_ad/carpet/train/good/084.png,good,train,7cc8e6a77d2eded214e173eb4daf6352d07939a286624856aace84229b9404f0,c8dcdc50717860a0,1024,1024,,train
mvtec_ad/carpet/train/good/085.png,good,train,7ee19caddad0678aa819fc738cd1039076c937bd9ed92fb3d196506393649dc3,e22222226264528a,1024,1024,,train
mvtec_ad/carpet/train/good/086.png,good,train,f509c49382594823650924a4733411031ae7c1d134a1eb3fe4fba9fcae67cb74,b401594a6a494260,1024,1024,,test
mvtec_ad/carpet/train/good/087.png,good,train,8a091ede75ead9b27af46e935de54424e80f981afc658961d7c18d8bc2f090cf,b4baaa3294b724a8,1024,1024,,test
mvtec_ad/carpet/train/good/088.png,good,train,5036ee492bc75d1995a04c8941fa1965f2119fa827c7a8070ca7f98fea4b6eca,9819393c941134b4,1024,1024,,val
mvtec_ad/carpet/train/good/089.png,good,train,ef81b3f58f31220a432b456f136fe0cc8fc8c1045026de76d6eec5608659ed33,c841100a4bd958cc,1024,1024,,val
mvtec_ad/carpet/train/good/090.png,good,train,540dd15971b39853e472444a45961cf64b9972522d22408b8b1f744b18d9e9f1,e6cc20a9c96265cc,1024,1024,,train
mvtec_ad/carpet/train/good/091.png,good,train,ecbb8594c1aefad166564dd790d0a462017e2b52276c89074d3858565078ebb3,52d2c3d35254e4f4,1024,1024,,val
mvtec_ad/carpet/train/good/092.png,good,train,c328ea00b56c1a872ef4e1ba4e23ca47cb669921920d7d4ec590cb0e955ce684,e0db4051b9a8529a,1024,1024,,train
mvtec_ad/carpet/train/good/093.png,good,train,4ad9716d7abcc8d7447833260e0e842aada7fcdf93af50ef6b852bc424e98cdf,cc18d2c8c5c998d8,1024,1024,,val
mvtec_ad/carpet/train/good/094.png,good,train,662ab5bf0a7881fe9353e9a2efb738ae4cc910f39095e529d58e151259c8234f,c05212bb231a584c,1024,1024,,val
mvtec_ad/carpet/train/good/095.png,good,train,7242e687c9247559993ad472fe9eb492d45c7d1e2e9a4dc70a9f5fa49181ffef,e4a424c485b594c6,1024,1024,,train
mvtec_ad/carpet/train/good/096.png,good,train,23f1edf6fcd461293d1b23a6ec1e46c7455e1194a7e438965c4559e176c04b0e,e4862286d70b4dca,1024,1024,,train
mvtec_ad/carpet/train/good/097.png,good,train,a2cc881423459fa29489b218f9261762e38851ab0656161228c5ace8884cb54f,d2726169c9d9c4b4,1024,1024,,train
mvtec_ad/carpet/train/good/098.png,good,train,bccaa9ba45dc7b07a679474fc6a4ba6eb76fafd090b18e2ddc38afc4bc4a6612,f0b3d054ccc4c9c8,1024,1024,,train
mvtec_ad/carpet/train/good/099.png,good,train,33ace2eba8566fbdd95bf3e9952bf4c8f44b8405aff6cae60a1c1bb8763417b8,d08c8bc98c92cacc,1024,1024,,train
mvtec_ad/carpet/train/good/100.png,good,train,2171dcd64c8ed8e6587552667d2127749d0145e74d3cfc24ddce164843ea2e76,980a59594ccc91e4,1024,1024,,train
mvtec_ad/carpet/train/good/101.png,good,train,93d60cbdcf91c8f6a83f7a278bb97b3af11a93c5b1ff44f8e700246a56133599,dc4565616e745dec,1024,1024,,train
mvtec_ad/carpet/train/good/102.png,good,train,224075f5e5a1f973f6d7785d5409814290998b5e36810108decd3ce77280a928,c2e372e8cc112666,1024,1024,,train
mvtec_ad/carpet/train/good/103.png,good,train,6ba0599a62181d471fb6bfa06978528e9c94017b2bbb168b332cfb42034fb710,903135556189b9e8,1024,1024,,train
mvtec_ad/carpet/train/good/104.png,good,train,e5c2a8d915f5f677c60bccb0c52cea53210010e2763facf50e5d4680ab9c8672,8cd6544d4c608292,1024,1024,,test
mvtec_ad/carpet/train/good/105.png,good,train,f86145ff182e50e2e90ab1dc61e21409d59578a5f1c98ec20714ef77649c4986,e4e5352a3b9a9494,1024,1024,,train
mvtec_ad/carpet/train/good/106.png,good,train,0767ac7f8d3cf1fbe5410c77b9fa5244cd90140847b2508bac2a317ef858934a,acb452621290b0c2,1024,1024,,train
mvtec_ad/carpet/train/good/107.png,good,train,79e3ceda32bd5d363ba5f0d97fe74e0b3de94b0b0ac6bf01a92d4754286a2717,ece85a085c14abac,1024,1024,,val
mvtec_ad/carpet/train/good/108.png,good,train,4de66ba3ab1fadfaf00ec904cd87ad47ccb2d7860221454b572a6c4d0908323e,da5a9bcb265686ca,1024,1024,,val
mvtec_ad/carpet/train/good/109.png,good,train,50ab85b8a03d80a33111a211b9e041c784fa8ad647107f564008f6942d127acc,a88dd48c84a4cdcb,1024,1024,,train
mvtec_ad/carpet/train/good/110.png,good,train,6b6ded3c5fde15e721ef8e5cfa3e75e4bf05faefc78c6f6a3c4cf7c221980d61,6068640488ca6272,1024,1024,,train
mvtec_ad/carpet/train/good/111.png,good,train,7c7f5c6c827a5c62fdcf438a8600ba585210c40fdc7a466eff2b50a43574d5e9,a889a46d6554b498,1024,1024,,train
mvtec_ad/carpet/train/good/112.png,good,train,3f5b1927c8b19c10ddc6b144b549fce58dfce339a8fc51c32d0b0288babe7380,98b92327a7a1a9aa,1024,1024,,test
mvtec_ad/carpet/train/good/113.png,good,train,a5f74417da0fd95fe6c98aac76f6f1c315c780a21e2406a32563b3927e0c0860,8488e8cc4a42a6c8,1024,1024,,test
mvtec_ad/carpet/train/good/114.png,good,train,88de2867eefd6125003a66903c92a7ab1afdf524db6932dd66dcb01d868468ef,c6994d911538a5b0,1024,1024,,train
mvtec_ad/carpet/train/good/115.png,good,train,a1168ad1839e7198fd8e6a26a8521c317e74208dfc9d22fa58320e8072b9adce,c8a6a8cac666cce4,1024,1024,,val
mvtec_ad/carpet/train/good/116.png,good,train,d94ccafc5f93f1181b636ee2045eccf46645694bfe5d8383a45c95f79eb11097,d22c286831a5496a,1024,1024,,test
mvtec_ad/carpet/train/good/117.png,good,train,c54d7544b8171d01d83dbba8565b23389c67ad9d57820c506b4a77b280e4c9c4,f2322aa8380aab90,1024,1024,,train
mvtec_ad/carpet/train/good/118.png,good,train,d841ecef64ac0b31f3bef67abfcb22990846b9b2608cbb0566891f2dcdc01bbd,c85164a56464b5b2,1024,1024,,val
mvtec_ad/carpet/train/good/119.png,good,train,b2cb03cb812ce3944f91a1372292ad584141c75feb04eb028e140356f6d1e4c1,acc12a64e8a0a026,1024,1024,,test
mvtec_ad/carpet/train/good/120.png,good,train,df0193e4b4274320e33afc528636854f693ca93b51a6304b1e15e5a994a5454f,f6968828244a4ac2,1024,1024,,train
mvtec_ad/carpet/train/good/121.png,good,train,b4313f59cb967136a9dbe32f6d86633d4b969175335370248782140502ff373c,dc30d092968c69c8,1024,1024,,train
mvtec_ad/carpet/train/good/122.png,good,train,9fc43c73eb1db538e4ebff160edd3164b1c8066e2db044f7a2b98c443f6b2e7f,c6b9346486040fe2,1024,1024,,val
mvtec_ad/carpet/train/good/123.png,good,train,30b48e51b767e9e9693f4f1086168a6409dc8c943d4c98850b2f148725e4000a,e0c9e1444848ca88,1024,1024,,train
mvtec_ad/carpet/train/good/124.png,good,train,e4231ee93c1b7151bc6274a730cae88dbd47c020af7a3a9425552f256238b6df,943925e4e6d0a1c4,1024,1024,,test
mvtec_ad/carpet/train/good/125.png,good,train,eeca20dfc76fe7bc21997b86acda2b120704fa936b65091ada0f0e2f0d350d43,aaa4926aca292999,1024,1024,,train
mvtec_ad/carpet/train/good/126.png,good,train,219eb90d3ea9cc9a935d32320bad1f5e09b95ec37b1831673f02af7284ef3b20,a2c98d31535ae690,1024,1024,,test
mvtec_ad/carpet/train/good/127.png,good,train,36018c1a837c6813bff525ea4ea6d0da50ebec12c20ac720dc22ae6c5d49a2a0,e842552d6853569c,1024,1024,,test
mvtec_ad/carpet/train/good/128.png,good,train,25c9d023d4119cf93791e496a9878bc81cb72154006b557f095ff0d33ec17e5f,b8d0c224924622aa,1024,1024,,test
mvtec_ad/carpet/train/good/129.png,good,train,c19ff1db746c79841ecae5bee50b4ef2c9c71c9cdd1bbd238c973fe1ec2c72af,e8a88888bcd524aa,1024,1024,,train
mvtec_ad/carpet/train/good/130.png,good,train,1c07dcd8f3e9c7124e17630a8c96914cff4ef962f08ef7a355f52ba421131801,d0d29a2051841690,1024,1024,,train
mvtec_ad/carpet/train/good/131.png,good,train,4910394ca83feed6ec9dfc2e8e84c5ff9742503d2cee079f03793329e36d1e81,9659e4a4238248a8,1024,1024,,train
mvtec_ad/carpet/train/good/132.png,good,train,a34ffc573c006cd3bb76d4ab04faddeb7a28d1119ad97a49f7e1e844fa55ecf1,d0c62821ac2c8c94,1024,1024,,train
mvtec_ad/carpet/train/good/133.png,good,train,d3235a291193874c221a45c7d6a3cdf833c7b3ad205ebcfdb6e8dac10224c144,8494d2d4a4e43894,1024,1024,,train
mvtec_ad/carpet/train/good/134.png,good,train,5b6104f0d2a2d402a5aab4142a5b4aabffab97d2001b89472d8125b47eae1912,c4e6baa6c62b2958,1024,1024,,test
mvtec_ad/carpet/train/good/135.png,good,train,f2585aed44114c2d19759e6f8b8c38daffca6a7f96844d7a3eee5ffdfba5dbe1,dc507035257224e6,1024,1024,,train
mvtec_ad/carpet/train/good/136.png,good,train,1958e600d920193185e433ee6a3323ae5c7c79344dd9626441ad3f5908dad79f,b4248acaa8928998,1024,1024,,test
mvtec_ad/carpet/train/good/137.png,good,train,8f0ecd81ef82bc885566f8ae111816f810aa68db97c62c37847e2e930cd82be9,a8a069a050c0a8a8,1024,1024,,test
mvtec_ad/carpet/train/good/138.png,good,train,c6f0c87c4868543536ad8732bb1fbea69781fb1fb1d2e1d112f1a32b3d6ee36d,f4b6c6e647486cac,1024,1024,,val
mvtec_ad/carpet/train/good/139.png,good,train,bef4b60cd3d7a05462d70849c9b702f5c1bf7a0a5dbc42ed5f95e5bde1bfa12d,aaaf272c68514c6c,1024,1024,,train
mvtec_ad/carpet/train/good/140.png,good,train,d7aae8b5c98fae8a04dc61c52b887b192ab257d4e85e8d388ea90d499f5d65c5,b225300e26a49080,1024,1024,,val
mvtec_ad/carpet/train/good/141.png,good,train,9f1f17178b9eb57347ed832b3b5f8fb9252ac01425b942f81946cab229165eab,a6626a6e49499a8e,1024,1024,,train
mvtec_ad/carpet/train/good/142.png,good,train,b4b20c85ceb49a13f81a3411933279ccb7fb951a53a675967f99f0fa796ecad9,d69e9a9aabbe88b0,1024,1024,,val
mvtec_ad/carpet/train/good/143.png,good,train,dc6b8b6c10a6fba322e972b5e56c9d50c4306e56574af48818b06c229cf2cf38,d4f6642587135b9a,1024,1024,,train
mvtec_ad/carpet/train/good/144.png,good,train,0db7194f5b6e9d349a075505c27da0b4c8e970ec3383f9e9b0d642802ace40e3,a83809a525ac8d9c,1024,1024,,train
mvtec_ad/carpet/train/good/145.png,good,train,8126b0711e65b435daa9380b5b7cb24f7bcdcd9b3aa0213f1a42abaf9a7cf38c,7484ca535b189bd6,1024,1024,,train
mvtec_ad/carpet/train/good/146.png,good,train,5b50995027013e25801c58ebc864f0090035273f5800d5af9cafbe444ed1078a,f81010499352a0a4,1024,1024,,test
mvtec_ad/carpet/train/good/147.png,good,train,a88a4f8c2d83eae99c746d2e0878b50a2db0b8e8414a1f332c850caf748e33f7,c842e343624ad8ce,1024,1024,,test
mvtec_ad/carpet/train/good/148.png,good,train,7408c8650dd02d6926e4082a9221f3238411ee62fb0d416573c8ec26cb22800c,9291ac88a9a346e6,1024,1024,,train
mvtec_ad/carpet/train/good/149.png,good,train,2dc5ccb57c1808cce43383e1ae5807abf3f63592a815c6840265da790e421f71,d4545099881832b3,1024,1024,,train
mvtec_ad/carpet/train/good/150.png,good,train,23bfd9cba65ac3ed53d0fe893493d8fbedd3916edf5f95bdb0ac52bbf021828a,d0d1cc8e124b488a,1024,1024,,train
mvtec_ad/carpet/train/good/151.png,good,train,44b574162f49b1dad109bf37307a264af1f50b4fea1f035e6a11483a7401f1cd,bc31195919a9292b,1024,1024,,train
mvtec_ad/carpet/train/good/152.png,good,train,7dec9fa4e14f23145784e6e8cd3425c66a51e375436f0dc65b4761a715141fc1,b4d5b532d69484a8,1024,1024,,train
mvtec_ad/carpet/train/good/153.png,good,train,f4bb76c64967a4d36e76fc4b6c03f04537fadd9e85493846d8934f698632486f,c8aa30d25b5a60d2,1024,1024,,train
mvtec_ad/carpet/train/good/154.png,good,train,2701b049022b16681bf055c4a1068f1130e23454457995392d5e5befd993fb21,a8ca88c960ccc4c0,1024,1024,,train
mvtec_ad/carpet/train/good/155.png,good,train,e4138c5d665c9e06cddeac318e6604d31b94ba2f554d3ebb06fa25886157a293,a424a43633a8a0aa,1024,1024,,val
mvtec_ad/carpet/train/good/156.png,good,train,9d1c1146e6d5a8fb16182d137a8c318fadc8e41bdabbead924d6e960e5ea6b1e,aca4ebe3cc8ac898,1024,1024,,train
mvtec_ad/carpet/train/good/157.png,good,train,5779d6337872e1ac0727b382404591d32e565a8dbd88ff583f763525376c9b2b,c44c91140c89a2a2,1024,1024,,val
mvtec_ad/carpet/train/good/158.png,good,train,69238d750e1ee73fc0379c26941aeefc1ffd47f0ecdedca75f41265c0e5d6c62,c8d12928293339d0,1024,1024,,test
mvtec_ad/carpet/train/good/159.png,good,train,3cdc1f7ea7586fc4d623563b51c2f2ed96bd5bf97399695ec15a88d43cb11bbd,c4d2928a114576d0,1024,1024,,train
mvtec_ad/carpet/train/good/160.png,good,train,9233c599cb8494df94268f7a6a5f74669f3c65ab8a46dc63044884dc5034ce40,a86484a0a4ccd6e0,1024,1024,,train
mvtec_ad/carpet/train/good/161.png,good,train,d98a9f5c004d7fdb05e4b6dcdd00fb3a9f56e09b3083533e7e54a15f39961558,e8a8e869682b62c4,1024,1024,,train
mvtec_ad/carpet/train/good/162.png,good,train,322503050094b1491071c8495ba51b58542d93b16975e28910319a7d8d06a6d6,90d20a2e246063b3,1024,1024,,train
mvtec_ad/carpet/train/good/163.png,good,train,7180de4ccb247497a865dc0e25c7c109e9fbf4bc51ab9541b4c90bdf1a10fc54,e8a1c216e4948ca8,1024,1024,,train
mvtec_ad/carpet/train/good/164.png,good,train,446f048f6717754ba2ed8b6e4b7a1aea8ba1010410246ae4e73cda62b9498430,eca9a622e22aa8a2,1024,1024,,train
mvtec_ad/carpet/train/good/165.png,good,train,a524d9d9bde54fe640f5345cc9c1ab5f4818e9894abe68184434e64cd7240629,c422a88212928028,1024,1024,,val
mvtec_ad/carpet/train/good/166.png,good,train,1bdc682b5dbe46eb324bc48411252f832dd763e45d29cd866b30f1ee50e43624,d4f56b4a46a7b4d4,1024,1024,,train
mvtec_ad/carpet/train/good/167.png,good,train,c0a0a1ecaf2d788f8fc8202a1ce58f6ec61beeff44389ee8a0fe7ca1134997fc,c4061428a4566654,1024,1024,,val
mvtec_ad/carpet/train/good/168.png,good,train,52eabcb1f5bf969f48f23ec24b9e4f62906ccab30bb4cf0d6f6f943c50faece0,5290b1424144a0a8,1024,1024,,train
mvtec_ad/carpet/train/good/169.png,good,train,96acd713b4b566801359de07c028e8cc0cad362a4dda0b055a487dc17e4922b7,dacae6b6d2d6cac8,1024,1024,,train
mvtec_ad/carpet/train/good/170.png,good,train,600dfc26a10b8ab491cf9b4366ae616736d91155b6dd145ccb4342ba90aec14c,c4a4a2eaa51094b2,1024,1024,,test
mvtec_ad/carpet/train/good/171.png,good,train,449170c9b7fd2da6e0cf05a8851ac7dccb93356a07ac6f7c23dfc8d806fe7421,b0b05b5b5812da9a,1024,1024,,val
mvtec_ad/carpet/train/good/172.png,good,train,3c0ac6080d1b2ec0f4a9bbf25d9698e5b8aa5a56b888df5f8a0284b18ff2dd87,a4a4c48eb69690a2,1024,1024,,train
mvtec_ad/carpet/train/good/173.png,good,train,c4968a2d63a4934222b19950500378040077c757cfe2824c4c9997210312f9cf,b06264a4242d2432,1024,1024,,train
mvtec_ad/carpet/train/good/174.png,good,train,3c272cb7178a2dc55de5a76c2fc8115c9ed627578c7a761b9a2a0e055f6ebb6a,72787a3765632168,1024,1024,,val
mvtec_ad/carpet/train/good/175.png,good,train,7e6eb069e2f1304c6b2cae89d10c3ab7ac7eaa76828e3683af6483fbcd4501f6,a6322424b089b492,1024,1024,,train
mvtec_ad/carpet/train/good/176.png,good,train,7e9fbfce651d065986ddd0d7d4aea0ee2bd5c3763255324fbc25adf9a3f147c7,a42ca58496969492,1024,1024,,val
mvtec_ad/carpet/train/good/177.png,good,train,80e863599381e800a9e4a10465f1a1f85dc6a7ea8679e8f95679c9895a11ad51,d0c6e99994caa6e4,1024,1024,,train
mvtec_ad/carpet/train/good/178.png,good,train,456c289546e7d8c521cf433cb0c61fe216612549e8ce8275efb7af5a2028b40e,949152a6632668a0,1024,1024,,val
mvtec_ad/carpet/train/good/179.png,good,train,00d8113ead7a93e9a41a0a25587e75800491ef49660d9addd91a6ecf90096bb1,cc9b1a66325129ac,1024,1024,,train
mvtec_ad/carpet/train/good/180.png,good,train,6f9e477b04c89b36d3d77e13058c9914828d5894e1b21f77c41be03c6ff728af,b0b7a3a8696a6562,1024,1024,,train
mvtec_ad/carpet/train/good/181.png,good,train,3c9ae58c04d4999c66453e59c9206267bcf789615c27ccc127154813db343c2f,f890e5c3466613d8,1024,1024,,test
mvtec_ad/carpet/train/good/182.png,good,train,d8f793ed458a8adae5f686cc7f36b3debc6966c0f37c4f3f92c4db807de1f0c7,a0747412c992c28c,1024,1024,,train
mvtec_ad/carpet/train/good/183.png,good,train,08cf59d5f6d5125f20a36deb3d29b466212ec04a03010397a27215784f8e1466,d69519b94cccddc5,1024,1024,,train
mvtec_ad/carpet/train/good/184.png,good,train,c018776ae77eebd5e159778e392e06c28ae6668b459b21673a52296eb9203d26,8a222c2c2c6c762a,1024,1024,,train
mvtec_ad/carpet/train/good/185.png,good,train,4bb0b94d0f6f7e90c081e01ee0741071623875a08a2abb874e217fda8b913a70,a022a68785838bb8,1024,1024,,train
mvtec_ad/carpet/train/good/186.png,good,train,536b258b2b512f384ccedc14b24def580bafb6e27e247ac3ff74d74bc19c18da,9829a94bc8b8ac94,1024,1024,,train
mvtec_ad/carpet/train/good/187.png,good,train,da795af0ba13d7824abc809eaf077e39839784c55334b6c78b6c96500bcc3b6b,cc94120b5a5113d2,1024,1024,,val
mvtec_ad/carpet/train/good/188.png,good,train,99eebf69b0d2d051ef7e7f3cb8ac37b63aaa2151f93b7fabe5d730e342b3d858,e81aab4958d29082,1024,1024,,train
mvtec_ad/carpet/train/good/189.png,good,train,51ffb2d65211a4c77a4118246ef56977b00814af218402fece3f41db32a0ff20,a6468b9393d919d8,1024,1024,,train
mvtec_ad/carpet/train/good/190.png,good,train,0e4d228b25c018523ba506ca995e8dff84b5d10ea092165808378351be84da17,b42432a88b4168e8,1024,1024,,test
mvtec_ad/carpet/train/good/191.png,good,train,b5d8d5e1a353fb317fc2a801f7eee0aaa2b99975252caa0af58f08d26705aada,d4c40c4d499999a8,1024,1024,,train
mvtec_ad/carpet/train/good/192.png,good,train,f68464adbc641cd50862012c8fdedb43eb11b435cd76c1f746d35e8660484e15,a62169499a4a4a96,1024,1024,,val
mvtec_ad/carpet/train/good/193.png,good,train,e54a1172d697d920df0bcbfcf46a830837e812e6d551324c8b415b29f996c981,a435315555040ec4,1024,1024,,train
mvtec_ad/carpet/train/good/194.png,good,train,92ad5036d67972f48e5c6f1339825196d9a035043f8b08fb50b841a8e285f1be,d0c838886ac49292,1024,1024,,train
mvtec_ad/carpet/train/good/195.png,good,train,b2b3a6e232d34d3de1ef3a0afaebcde6124ac53139ac3b84061018d11a1932c9,a1636929290c16a2,1024,1024,,train
mvtec_ad/carpet/train/good/196.png,good,train,7e8e8022437ed5a6dc66bc1d971a34c255b32ac214af03defe33963cbec66891,b490b45534342868,1024,1024,,train
mvtec_ad/carpet/train/good/197.png,good,train,4fc6ad419b58511747db95a1df34e27928e0a79e1ab0680e97f92658ecac0254,c84820a485868c88,1024,1024,,train
mvtec_ad/carpet/train/good/198.png,good,train,8f2ac6eac198771d2deaacb8ac0f5faead14ea214545fd909de3c8977cd28b4c,c44cd4155555744c,1024,1024,,train
mvtec_ad/carpet/train/good/199.png,good,train,1cb4d8eac0d68bed38447f6b200c39fcb38d0c8399ca892c59f3b83ca9e8ae12,da4d4c26646d8c8c,1024,1024,,val
mvtec_ad/carpet/train/good/200.png,good,train,ed1fba80e365f71db5b387aec31127db3c1d1f77b16278f9d890180f06c9318f,a8d578b98c4dced6,1024,1024,,train
mvtec_ad/carpet/train/good/201.png,good,train,3abf05eb6e74b75dca56cc028d7341e39d5ce2edc9d55ce6b01d45047f925f4d,9e8c149444af0bba,1024,1024,,train
mvtec_ad/carpet/train/good/202.png,good,train,1ea9ca6e5d4648307c3e5d6702c5df5db799eeb971a7152dcc9dc7dfc39a1760,a449a7a5486c2cce,1024,1024,,test
mvtec_ad/carpet/train/good/203.png,good,train,41748906e5d2e90a28082641ae193356c53a2f78d7392ad629172f109338e3e8,d42ca4a4a581c0a2,1024,1024,,train
mvtec_ad/carpet/train/good/204.png,good,train,4d3fcd61bef0d66b7d29a23ec478ef9a88b0cb6eadfd24e79b28eead97050dee,90bc2c42cd453430,1024,1024,,test
mvtec_ad/carpet/train/good/205.png,good,train,69a56fbf72978369693d27dc5c938e4b3ecc312f731b7a90a2ae598a10b2fa7d,c8cc8d2d4d4513aa,1024,1024,,test
mvtec_ad/carpet/train/good/206.png,good,train,c526c4c21ad5338c20f5495cd01e0c66a4a2d106e4d1170083ab349494c63799,e4c692130954b0c9,1024,1024,,train
mvtec_ad/carpet/train/good/207.png,good,train,c0a6a787be131fd82a741c858752543621987497ff758504311a355f9d13f278,88b9b9b2dbdb5cc6,1024,1024,,val
mvtec_ad/carpet/train/good/208.png,good,train,7040852fd62e9427552b1535e5abc08bcc0f5e0272c6c015605f2faa98fe7df0,b0ad5925ac685988,1024,1024,,train
mvtec_ad/carpet/train/good/209.png,good,train,faef1ca9512fe016a827537cb366ea5514a690ee56a8465782ad9efeaee4c4b2,ce6c686e21e5a5d4,1024,1024,,train
mvtec_ad/carpet/train/good/210.png,good,train,63b93d1a2b6a7a8cb7580f95982fcde7b461c0ae8614bc9ba8ca4740fea4a58f,94acec6cbada48a8,1024,1024,,test
mvtec_ad/carpet/train/good/211.png,good,train,1d3d739f95a9f63b74918caaa1b07d7fda71a8a95a1cc8af465f0092fc3bf214,d8ca4ac29438b8a8,1024,1024,,train
mvtec_ad/carpet/train/good/212.png,good,train,b45a0684081b7976a5fa997c5a846477e3ec1874a07a6ac9c55a9aecdc253df5,d861c496021b54b0,1024,1024,,val
mvtec_ad/carpet/train/good/213.png,good,train,9e3ecd754432dd8179a92d8ed998ec1e0c09269e5a88337e5ffbaec39fb8df8d,3c20688b696848d0,1024,1024,,val
mvtec_ad/carpet/train/good/214.png,good,train,3aeff130815e655ce8f0cdd954be32206a1e1814adea29da34660141aa79b0bf,94323252529391b0,1024,1024,,test
mvtec_ad/carpet/train/good/215.png,good,train,13db38786ec0005fb23541ea3a830a094e4095b5e8570eddab1ef5aeca5e3e48,a4ace2eaa9aaaae1,1024,1024,,test
mvtec_ad/carpet/train/good/216.png,good,train,3b431f5f0554ab711ec1fe97c00f50ea24610a89e9855ae66d34f05795e7c69f,b233c29098898ccc,1024,1024,,test
mvtec_ad/carpet/train/good/217.png,good,train,6ec4ca9f6fc19b8bbcd9aeb3d421e46ffb8e9bb2e0ba9d04eb81dd035a3205c4,ee2b21240c8ea6a6,1024,1024,,val
mvtec_ad/carpet/train/good/218.png,good,train,39f96b3cee37e8c6bafca05ed71a32258958689944763361e9d881e2b83c251c,b41455b59544db92,1024,1024,,train
mvtec_ad/carpet/train/good/219.png,good,train,4b62e76e26d311df8d39ebc20e5056c4cdb70b842659c0481c70b6361dee9c44,d24a4ad2384c89b2,1024,1024,,test
mvtec_ad/carpet/train/good/220.png,good,train,794e6388737910b8298bb5cc02895453233ec949517127c05fb321f73bf85bce,d0818a4a61ee8ad6,1024,1024,,train
mvtec_ad/carpet/train/good/221.png,good,train,ffee99caf71ee43552eb122b9d24ce29f50cfd82a27b9744a9cee3b2a8fd5022,9084619b535b4254,1024,1024,,train
mvtec_ad/carpet/train/good/222.png,good,train,9712cc31b0cc5051e003ec247d147479847e654922d0a1dd318d86101fc61548,62666c7054c46d52,1024,1024,,train
mvtec_ad/carpet/train/good/223.png,good,train,6e9878266c88936ff2add3c9be4fca59aaad53946120922b67e7ffe83a403bf1,c8da085c3caaaf9a,1024,1024,,test
mvtec_ad/carpet/train/good/224.png,good,train,d214b51ced723396f1a9bbee3dddcf7c7db3cd5a0b67290950954dd6168d3bd0,d894e55953a626bc,1024,1024,,test
mvtec_ad/carpet/train/good/225.png,good,train,34dacbff6d1a889695f7c214b5b5f12ee5972964f9091099f5a75c4db87dfaae,841494d44d5b22c2,1024,1024,,train
mvtec_ad/carpet/train/good/226.png,good,train,9eb5f81e652f80d8f4b418373042500826c49bbea08acfb755e350d14bc298cf,ca63a12b561969e1,1024,1024,,train
mvtec_ad/carpet/train/good/227.png,good,train,567881f05688b0dc3988cf44f2b4354e74e3b49d0839311e612e52ce36141846,b091b11c444260a4,1024,1024,,test
mvtec_ad/carpet/train/good/228.png,good,train,43dc4bb5e37f6b0e8a5998aed6ae496172f1ee73626a8b605b60d3648d19ec19,94446664685254cc,1024,1024,,train
mvtec_ad/carpet/train/good/229.png,good,train,9bd0aad2fde24a591fba9b4de025b8c15d56b8cbde1ca43fd2e6cd71076f0d83,a8a7e94868cc8ea5,1024,1024,,val
mvtec_ad/carpet/train/good/230.png,good,train,dabd861eea8c84de1c6d9f6c41bf9fdd5e9a87146c09a5c58549940739784a7a,d85dadabbe8a58b6,1024,1024,,train
mvtec_ad/carpet/train/good/231.png,good,train,89b355f5e5cf369089e95fa569083fc8fe424c46f5c85f7fb457d66f143457e4,9414555db58c5c96,1024,1024,,train
mvtec_ad/carpet/train/good/232.png,good,train,0500d6c20588d60a720aeb0fa3db7c22a53fc443a118e6fbb35fa702fa2e391b,94a3824a6a224120,1024,1024,,train
mvtec_ad/carpet/train/good/233.png,good,train,332486b16634322d4b085d40eca632ec84e7a859ffc6e7519347e1ac833bb4c6,084d2b526222626a,1024,1024,,test
mvtec_ad/carpet/train/good/234.png,good,train,20fc6216404701bed41bffe81aad614c71c186607d1f97ad1b2d4f0b0d2ac767,4e72455399d3aacc,1024,1024,,val
mvtec_ad/carpet/train/good/235.png,good,train,ef78a835e5bf81b29b3bf3e27b10828e985b01271075d2dac5907a61dc645630,9439b19989445c4c,1024,1024,,train
mvtec_ad/carpet/train/good/236.png,good,train,23ce128ae59582423747a029eb77005dec0e65e56d1246b8708121201c25529f,9829ad8951612399,1024,1024,,val
mvtec_ad/carpet/train/good/237.png,good,train,02d475cab4df979fedbc86fe1f5cf5bc2b07c04859306ba96cb377a50890b0fe,d23632a684a94992,1024,1024,,train
mvtec_ad/carpet/train/good/238.png,good,train,4c204660698ec3933019b8bc4081d80e48bba3124a797f6c0b1dea8dbc92dca1,909169ac07577552,1024,1024,,train
mvtec_ad/carpet/train/good/239.png,good,train,b1945423cf69741c0cae660ea343157bffc4c0825d2e9fd7ddfd26e84b120fd2,e89aa8a5c7e6a2aa,1024,1024,,val
mvtec_ad/carpet/train/good/240.png,good,train,77bd5123552fc56e0a6ccc774f8cf877fb3f154e8e21637d38a49df05b83da59,e2e2c642c1a22270,1024,1024,,test
mvtec_ad/carpet/train/good/241.png,good,train,334e48a4efbc0badfb1208bbafa085250539cb3a81b5fb1d303a2ac7d39b67f1,cdc96145414848c8,1024,1024,,train
mvtec_ad/carpet/train/good/242.png,good,train,eb911e0cbd19147c175f70e98e70a5c26ac94ffdbe592b32f6727447350be0c8,c4356c532425ad8d,1024,1024,,val
mvtec_ad/carpet/train/good/243.png,good,train,721934df04405ec69ea4b4a273155587bdf955456477701682123bc4cbf4078f,d436f6525a591396,1024,1024,,train
mvtec_ad/carpet/train/good/244.png,good,train,1e38c7c39839cad7131ebaa225f01997bfe47ea3eb0ad467a16f94c587e7f69d,8a4c19654cd2c2c8,1024,1024,,train
mvtec_ad/carpet/train/good/245.png,good,train,f9541c7f93d152a5732a26cb5ec7901d640ea2ce7d03b0aacda8f7c045402bcc,b4a52ca92b0c2cc8,1024,1024,,train
mvtec_ad/carpet/train/good/246.png,good,train,c1965a6639934bc9546cd4017b004abe10db40069dfcbc0e509bf199f67f2db4,e84151f54565e1a9,1024,1024,,train
mvtec_ad/carpet/train/good/247.png,good,train,7866afd0ab3efe978409179c71ed6ca400fc850e1fd879ffc6a271794113b996,c882c85a8a9a90d4,1024,1024,,train
mvtec_ad/carpet/train/good/248.png,good,train,12698c379dacf1c36b58738ce0de1b1af32e2d4bfcd09e39cab883ec19c36a10,e85254ccd15604a3,1024,1024,,val
mvtec_ad/carpet/train/good/249.png,good,train,adcc32a6698a8cdd50dc97195b44411f85db603a7be8d777e444860aae07a3b4,9cd4d29a96461591,1024,1024,,val
mvtec_ad/carpet/train/good/250.png,good,train,e672dd38ad8ec1879efc23c51316bbc42bac211c1b283a50e322ab246ce6b4f2,9949246424343590,1024,1024,,train
mvtec_ad/carpet/train/good/251.png,good,train,b7f44e3d65e5d7b6cd129d2f77ad45ce739effb59af3fe3e9caa0a066f3dc7d9,d0d8c14a575353dc,1024,1024,,val
mvtec_ad/carpet/train/good/252.png,good,train,7892748cda80397a73d1b886980319843323b85f21a61a46cbbdb593f649adb2,901422624e4ccac8,1024,1024,,train
mvtec_ad/carpet/train/good/253.png,good,train,a18506164f190ae2322a3bc3f5f6022be947986334792d4e5b728682bd04340e,d8d29a9256571599,1024,1024,,train
mvtec_ad/carpet/train/good/254.png,good,train,78094a269fc09cc7f9eea9adb850f88086f4d642efb86159af5d00f358b19b5f,929292d4c5c7c5c1,1024,1024,,train
mvtec_ad/carpet/train/good/255.png,good,train,d591553b895ef73adf350244d08f39963a05cccb235dee112dcc748b202fc8db,e42481c8a4a1d984,1024,1024,,train
mvtec_ad/carpet/train/good/256.png,good,train,1ae272ad3895782c064711eb36f4ba04ff980937679c988ec06b8ac2092c1e2c,b222286a6a71e9cd,1024,1024,,train
mvtec_ad/carpet/train/good/257.png,good,train,d1bca3f85f83211c7e6730984b50882af1b242fd7e0b41a14bae56dcabc31fd8,d04aca9298f9edaa,1024,1024,,train
mvtec_ad/carpet/train/good/258.png,good,train,748d35e9f3ee8104a4585d4c80b63886b2ef9f9a42a5b0ec15061f6a1e6fb552,c434307749ab2dc8,1024,1024,,val
mvtec_ad/carpet/train/good/259.png,good,train,c0f70264e96d2a2e299754417aad3327f57d362c94a4de6cb8621350508902b8,f012120a2848888e,1024,1024,,train
mvtec_ad/carpet/train/good/260.png,good,train,2e24128af8a7433f22f9cf8f0711c161fe01c1f332f7e955a8d0dffd23b937ab,a4c9daa34a0c8a88,1024,1024,,train
mvtec_ad/carpet/train/good/261.png,good,train,79fcca5ec62627d52777550a2bfe9ed5426a9e234660f68ca2b706887946f53e,a4b4a3eaece6a6a4,1024,1024,,train
mvtec_ad/carpet/train/good/262.png,good,train,96a6b006e2e64fce72ca5e64ae7f5c2e827005b55d32d7d98fdd84a2bb97b578,e8a3ca9aa6644ae2,1024,1024,,train
mvtec_ad/carpet/train/good/263.png,good,train,fccf87813109ee51865369c545cced83cccbe8bdc09f0a9e14e138f57e764748,92b29991999996d2,1024,1024,,val
mvtec_ad/carpet/train/good/264.png,good,train,38784eb4172c6fbbafb5d97daaf441d4192ceef513f0d0acdd5d37492724a138,aa2a312a3a6345c8,1024,1024,,test
mvtec_ad/carpet/train/good/265.png,good,train,2651471380812f48e91eeca2b9c16057a36a2df27e039a0c1b5e80a515a67fd4,d832726a32e2d2a2,1024,1024,,test
mvtec_ad/carpet/train/good/266.png,good,train,d763e3e9f7189d24f9bd33190b592638612314358d67fb28da26987977781c9f,c4c8eda46426b694,1024,1024,,train
mvtec_ad/carpet/train/good/267.png,good,train,db214535823eeda0ece6f463c066b90c08bbbc81f3460f75b4518cc546b6335c,d63662445c365274,1024,1024,,test
mvtec_ad/carpet/train/good/268.png,good,train,a9728e6250f6215c622eac110658a0c1f39a9c25377e7b408168de66221f9792,2831a9a505a3c0d2,1024,1024,,train
mvtec_ad/carpet/train/good/269.png,good,train,15141d3870f6cae742e95932d411c3fddfc33678cfcb9165e056fa90d9021168,d0a4884aa6254ae2,1024,1024,,train
mvtec_ad/carpet/train/good/270.png,good,train,9226e87625098497516cf176c40bf3927b7f245ae2e2d6b7d0bb18598e63a826,a622b4b2a16c66e6,1024,1024,,train
mvtec_ad/carpet/train/good/271.png,good,train,186bc01e786a614924f0b66bdf9ece6e6455ba94f2d55c9ef5167c83145b6080,52723352127677b8,1024,1024,,test
mvtec_ad/carpet/train/good/272.png,good,train,daa6c470a2f083f54113f71a09ba8d8be1a05f7c569a9d876c0c2d8688e35632,9032d294d2d024ea,1024,1024,,train
mvtec_ad/carpet/train/good/273.png,good,train,a9356c77b9fc10487febc5184501eeaaebc1d4ffc10c39fa0cef0f6a51c6eb66,c46d5431b191d0d4,1024,1024,,train
mvtec_ad/carpet/train/good/274.png,good,train,22003abd51534133e1245a1e018eeafe36ffec86773df0539bf57b2e7e2df754,e2a331e5b5c5c5a4,1024,1024,,train
mvtec_ad/carpet/train/good/275.png,good,train,978d60f380924d8b9d47d125672ac3fea5474b12c662113d5107aab5cf425ee3,8c2cccadadcd65e4,1024,1024,,train
mvtec_ad/carpet/train/good/276.png,good,train,cf01936ae0ed858280db35f25e28a24459ba699f5ebb871accdde5a7da8c9c32,cccc989c8c505098,1024,1024,,train
mvtec_ad/carpet/train/good/277.png,good,train,a9843c52a0e9b8361ae701b0cb5786f4fc7c009c6c86de2371f1c0584da0c3b5,8c4464a4c54665d3,1024,1024,,train
mvtec_ad/carpet/train/good/278.png,good,train,244c789724ba99edaa75c11f6d536d8ae38297dfb96c6fe4529422e27b55ef19,e4a4236c676322d4,1024,1024,,test
mvtec_ad/carpet/train/good/279.png,good,train,f5871a831828f7a3ae37d69d0ac3a23228a51eeab4d2a24983f8b636b5804bb2,843ae22553a2a0a2,1024,1024,,train
